client_id,city,channel,promotor_id,yearly_volume,yearly_income,yearly_number_of_orders,median_ticket,prom_contacts_month,frequency,efficiency,logistics_cost,visit_cost,total_cost
100006690,Madrid,AR,275609911,1658.706,1494.53,22,60.400000000000006,2,2.0,0.9166666666666666,220,360,580
100008050,Barcelona,AR,368568690,3982.0,1905.59,14,132.37,0,1.0,0.0,140,0,140
100042162,Barcelona,HR,455263770,1812.85,2243.3,14,128.78,4,1.0,0.2916666666666667,140,720,860
100046227,Barcelona,AR,454554895,4590.18,2273.12,16,129.06,2,4.0,0.6666666666666666,160,360,520
100125158,Cádiz,HR,483340469,1266.5,2204.24,25,87.5825,1,3.0,2.0833333333333335,250,180,430
100137028,Murcia,AR,733727842,3930.0,1463.61,23,65.69,0,2.0,0.0,230,0,230
100163544,Castellón,HR,988985367,867.174,1799.9099999999999,14,100.605,0,2.0,0.0,140,0,140
100167744,Barcelona,AR,368568690,3054.4700000000003,1037.01,7,121.5925,0,1.0,0.0,70,0,70
100175807,Murcia,HR,205150913,3694.53,4658.89,80,44.864999999999995,0,8.0,0.0,800,0,800
100179704,Barcelona,AR,9820087,81.57,88.33,1,88.33,2,1.0,0.041666666666666664,10,360,370
100193925,Madrid,HR,268093511,4212.384,6414.33,49,116.0475,4,4.0,1.0208333333333333,490,720,1210
100198216,Madrid,AR,358006057,785.4960000000001,571.66,9,61.5475,1,1.5,0.75,90,180,270
100229632,Girona,HR,982751127,673.5,496.73,6,64.175,1,1.0,0.5,60,180,240
100232770,Madrid,HR,991770420,5031.45,10214.79,72,115.17250000000001,4,6.0,1.5,720,720,1440
100234953,Burgos,HR,466760699,841.32,1376.41,22,61.18,2,2.0,0.9166666666666666,220,360,580
100262932,Barcelona,HR,101664247,940.354,2934.19,16,176.9275,2,1.0,0.6666666666666666,160,360,520
100296856,Valladolid,AR,256358709,1494.98,1769.46,16,116.74,1,1.0,1.3333333333333333,160,180,340
100336919,Santander,HR,74716188,998.51,3231.25,50,59.11,4,4.0,1.0416666666666667,500,720,1220
100349828,Madrid,HR,268093511,1115.169,4008.34,16,265.53,4,1.0,0.3333333333333333,160,720,880
100363218,Santander,AR,77675001,2034.4399999999998,2115.68,33,60.13,4,3.0,0.6875,330,720,1050
100370706,Madrid,HR,400328751,3409.712,4582.650000000001,47,88.89750000000001,2,4.0,1.9583333333333333,470,360,830
100411623,Madrid,HR,621775730,2179.952,2071.39,23,81.5,1,2.0,1.9166666666666667,230,180,410
100423045,Barcelona,AR,187031601,2064.538,1094.89,14,67.84,1,1.0,1.1666666666666667,140,180,320
100432026,Madrid,AR,793032552,2483.574,2317.69,22,96.935,2,2.0,0.9166666666666666,220,360,580
100458931,Barcelona,AR,833922597,8760.084,4393.86,45,96.7775,2,4.0,1.875,450,360,810
100563938,Pamplona,AR,674788251,1289.044,893.15,8,67.86,2,1.0,0.3333333333333333,80,360,440
100570715,Islas Baleares,AR,159743173,7451.405,5541.990000000001,45,105.1,4,4.0,0.9375,450,720,1170
100584055,Madrid,HR,972073619,220.45,743.98,9,83.39,2,1.0,0.375,90,360,450
100586228,Barcelona,AR,368568690,11337.944,5651.0,22,191.645,4,4.0,0.4583333333333333,220,720,940
100587839,Islas Baleares,HR,465693592,533.0,382.2,7,52.27,1,1.0,0.5833333333333334,70,180,250
100595766,Valencia,AR,52875287,84.54,52.26,1,52.26,4,1.0,0.020833333333333332,10,720,730
100603081,Barcelona,HR,101664247,282.0,214.26,5,41.15,1,1.0,0.4166666666666667,50,180,230
100606314,Sevilla,AR,739051795,882.788,1639.09,28,52.8725,2,2.0,1.1666666666666667,280,360,640
100607540,Almeria,AR,937805441,12100.449999999999,8768.83,47,166.5675,4,4.0,0.9791666666666666,470,720,1190
100648094,Valencia,HR,52875287,1525.754,5886.53,43,136.85500000000002,4,4.5,0.8958333333333334,430,720,1150
100648105,Bilbao,HR,61699796,106.696,166.98,1,166.98,4,1.0,0.020833333333333332,10,720,730
100667781,Barcelona,HR,454554895,3402.0,1054.6200000000001,9,115.92,0,1.0,0.0,90,0,90
100669816,Asturias,HR,494807125,2387.098,5555.4,49,104.41999999999999,1,4.0,4.083333333333333,490,180,670
100729381,Valladolid,HR,447488148,8608.71,7134.219999999999,51,121.525,0,4.0,0.0,510,0,510
100730188,Bilbao,HR,61699796,3870.642,11920.77,53,235.265,4,4.5,1.1041666666666667,530,720,1250
100750970,Girona,HR,982751127,72.0,178.4,1,178.4,0,1.0,0.0,10,0,10
100825940,Barcelona,AR,912914265,4885.446,4462.3,44,93.9575,4,4.0,0.9166666666666666,440,720,1160
100831168,Valencia,AR,52875287,5168.284,1746.13,13,122.57000000000001,0,1.0,0.0,130,0,130
100854769,Tarragona,HR,306190165,555.495,469.34,6,84.97999999999999,4,1.0,0.125,60,720,780
100898970,Valencia,HR,376164172,1296.0,1624.3700000000001,26,61.785,0,3.0,0.0,260,0,260
100900019,Barcelona,HR,651739976,18095.676,7265.96,45,143.8625,4,4.0,0.9375,450,720,1170
100918157,Islas Baleares,HR,159743173,1248.64,952.8599999999999,8,107.3625,4,2.0,0.16666666666666666,80,720,800
100919107,Barcelona,AR,368568690,3427.4399999999996,1905.6000000000001,14,128.73000000000002,2,2.0,0.5833333333333334,140,360,500
100927176,Sevilla,HR,177010064,15.84,26.15,1,26.15,2,1.0,0.041666666666666664,10,360,370
100954401,Cádiz,HR,385444276,160.82999999999998,754.98,17,43.37,1,1.0,1.4166666666666667,170,180,350
100964524,Alicante,HR,91937945,66.2,757.77,22,39.945,4,3.0,0.4583333333333333,220,720,940
100970892,Córdoba,HR,606571522,52.0,1819.79,9,218.06,1,1.0,0.75,90,180,270
100973792,Barcelona,AR,368568690,2385.0,844.27,8,108.83,1,1.0,0.6666666666666666,80,180,260
100991179,Barcelona,AR,996963848,5185.904,3175.08,23,109.50999999999999,0,2.0,0.0,230,0,230
100999611,Valencia,HR,376164172,801.004,1753.02,23,70.23249999999999,0,2.0,0.0,230,0,230
101018958,Barcelona,AR,370050701,4045.33,2316.44,21,100.415,2,2.0,0.875,210,360,570
101020292,Madrid,HR,4222253,102.0,208.88,3,70.32,4,1.5,0.0625,30,720,750
101024776,Almeria,HR,937805441,908.5540000000001,560.0,11,50.125,0,1.0,0.0,110,0,110
101046873,Valencia,AR,937854151,5698.183,4017.34,42,73.33,4,4.0,0.875,420,720,1140
101050331,Madrid,AR,215700341,710.72,1001.8199999999999,14,70.58500000000001,2,2.0,0.5833333333333334,140,360,500
101095996,Barcelona,AR,313095800,2516.4719999999998,1109.13,2,554.565,2,2.0,0.08333333333333333,20,360,380
101122118,Sevilla,HR,900282314,75.33,304.89,8,47.835,2,1.0,0.3333333333333333,80,360,440
101130421,Barcelona,HR,73572425,5156.088,3621.4,49,74.49000000000001,4,4.0,1.0208333333333333,490,720,1210
101138348,Madrid,HR,827413577,491.3,641.13,8,76.1825,1,4.0,0.6666666666666666,80,180,260
101152156,Madrid,HR,526597557,2428.304,5815.38,20,266.2,4,2.0,0.4166666666666667,200,720,920
101167586,Madrid,HR,143612882,192.0,221.62,4,54.08,1,1.0,0.3333333333333333,40,180,220
101181026,Madrid,AR,717625137,73.98,50.46,1,50.46,1,1.0,0.08333333333333333,10,180,190
101193765,Bilbao,HR,590164229,5528.45,7711.37,48,166.745,4,4.0,1.0,480,720,1200
101252576,Madrid,HR,972073619,993.4000000000001,4507.7300000000005,23,121.425,4,3.0,0.4791666666666667,230,720,950
101254033,Sevilla,HR,6055803,100.0,117.86,2,58.93,1,2.0,0.16666666666666666,20,180,200
101271687,Barcelona,HR,551023715,1782.0,1018.38,16,64.465,0,2.0,0.0,160,0,160
101273062,Alicante,AR,729030652,8911.2,3019.98,28,83.2675,1,2.0,2.3333333333333335,280,180,460
101303525,Barcelona,AR,187031601,7244.7080000000005,4710.12,40,102.0025,2,3.0,1.6666666666666667,400,360,760
101307123,Barcelona,AR,187031601,31.76,46.13,1,46.13,1,1.0,0.08333333333333333,10,180,190
101313756,Barcelona,HR,651739976,6407.134,6464.52,53,107.69,4,4.0,1.1041666666666667,530,720,1250
101318485,Barcelona,HR,996963848,10304.348,21639.170000000002,53,364.74,4,4.0,1.1041666666666667,530,720,1250
101320386,Barcelona,HR,900389803,1864.922,2467.97,43,54.595,1,4.0,3.5833333333333335,430,180,610
101349770,Almeria,HR,525968071,6120.0,2124.88,8,265.61,0,1.0,0.0,80,0,80
101353885,Islas Baleares,HR,465693592,2.75,24.92,1,24.92,1,1.0,0.08333333333333333,10,180,190
101385837,Madrid,HR,275421941,15.324,347.76,8,42.33,0,1.0,0.0,80,0,80
101420203,Islas Baleares,HR,469564819,1873.058,1911.46,24,72.3125,1,2.0,2.0,240,180,420
101554258,Valladolid,AR,634459297,2544.4,1189.98,18,65.625,1,2.0,1.5,180,180,360
101589857,Bilbao,HR,653277032,5936.25,6475.4800000000005,53,117.21000000000001,4,4.0,1.1041666666666667,530,720,1250
101600426,Asturias,AR,953968677,531.0,409.27000000000004,5,85.76,0,1.0,0.0,50,0,50
101611212,Santander,HR,627758323,1094.554,1458.33,25,57.975,1,2.0,2.0833333333333335,250,180,430
101622446,Valencia,HR,52875287,2958.11,2847.77,50,59.605000000000004,4,4.0,1.0416666666666667,500,720,1220
101632216,Valencia,HR,937854151,11734.636,20544.72,51,367.395,2,4.0,2.125,510,360,870
101652619,Asturias,HR,953968677,4148.4,4790.0,50,90.36,0,4.0,0.0,500,0,500
101694317,Madrid,HR,991770420,928.76,1918.33,24,67.34,0,3.0,0.0,240,0,240
101704826,Cádiz,AR,385444276,2285.7999999999997,4311.6,42,76.1175,4,4.0,0.875,420,720,1140
101732413,Valencia,AR,937854151,32433.927,17185.65,63,228.27999999999997,4,5.0,1.3125,630,720,1350
101738010,Cádiz,AR,483340469,1034.01,784.22,14,57.54,0,1.0,0.0,140,0,140
101760512,Cádiz,AR,385444276,51.0,52.22,1,52.22,0,1.0,0.0,10,0,10
101765511,Madrid,AR,677360818,5431.124,3646.0299999999997,39,90.465,1,3.0,3.25,390,180,570
101792894,Madrid,AR,358006057,60.0,261.39,3,78.42,0,1.0,0.0,30,0,30
101800777,Barcelona,AR,368568690,96.0,117.32,1,117.32,2,1.0,0.041666666666666664,10,360,370
101806056,Madrid,HR,400328751,111.51,391.05,5,73.94,2,2.0,0.20833333333333334,50,360,410
101813045,Valencia,AR,460456701,2396.12,1946.19,22,83.58250000000001,4,4.0,0.4583333333333333,220,720,940
101815728,Madrid,HR,827413577,685.79,592.36,9,69.74,1,1.0,0.75,90,180,270
101867444,Pamplona,HR,635704728,10.0,113.36,1,113.36,1,1.0,0.08333333333333333,10,180,190
101926782,Alicante,HR,91937945,1518.04,1793.9,17,108.7675,1,2.0,1.4166666666666667,170,180,350
101930423,Valladolid,HR,256358709,4881.900000000001,6357.3099999999995,47,132.6,4,4.0,0.9791666666666666,470,720,1190
101937017,Tarragona,AR,513990441,2740.0,941.8100000000001,15,64.7975,0,1.5,0.0,150,0,150
101949510,Tarragona,HR,306190165,9.6,16.85,1,16.85,4,1.0,0.020833333333333332,10,720,730
101951853,Madrid,HR,526597557,2214.8,5737.12,49,115.81875,2,4.0,2.0416666666666665,490,360,850
101983294,Pamplona,HR,492242510,441.74,5264.98,40,119.3825,2,3.5,1.6666666666666667,400,360,760
101990665,Islas Baleares,AR,465693592,3045.88,2941.19,21,147.89249999999998,1,1.0,1.75,210,180,390
101995611,Sevilla,HR,491961306,71.768,1156.4,11,82.55,2,2.0,0.4583333333333333,110,360,470
102006660,Córdoba,AR,606571522,1108.74,2133.99,40,48.3375,1,3.0,3.3333333333333335,400,180,580
102024044,Sevilla,HR,462513607,23.76,26.55,1,26.55,1,1.0,0.08333333333333333,10,180,190
102027429,Bilbao,HR,590164229,3054.0,3529.09,38,87.2575,2,3.0,1.5833333333333333,380,360,740
102028391,Madrid,HR,118557953,125.85000000000001,1015.8399999999999,13,74.21,1,1.0,1.0833333333333333,130,180,310
102043767,Madrid,HR,244328661,295.882,1103.51,8,137.60750000000002,0,2.0,0.0,80,0,80
102055809,Tarragona,AR,513990441,343.19,157.64,2,78.82,1,1.0,0.16666666666666666,20,180,200
102074838,Murcia,HR,733727842,2974.716,3003.54,27,102.87,2,2.0,1.125,270,360,630
102084639,Barcelona,AR,496352806,7596.0,2097.21,4,523.15,1,1.0,0.3333333333333333,40,180,220
102091342,Sevilla,AR,462513607,1420.44,1142.84,18,64.67500000000001,2,2.0,0.75,180,360,540
102122032,Madrid,AR,275609911,3399.412,2070.84,13,153.85,2,1.0,0.5416666666666666,130,360,490
102127693,Bilbao,HR,653277032,2457.2580000000003,8052.68,52,156.97,2,4.5,2.1666666666666665,520,360,880
102162529,Granada,HR,64275733,6921.280000000001,9380.94,49,141.78750000000002,8,4.0,0.5104166666666666,490,1440,1930
102193354,Valencia,AR,52875287,1902.528,579.6,5,115.92,0,1.0,0.0,50,0,50
102204826,Alicante,AR,39304770,1674.0,530.7800000000001,3,166.5025,4,1.5,0.0625,30,720,750
102205062,Malaga,HR,247664960,4830.8099999999995,4812.5,53,89.6,4,5.0,1.1041666666666667,530,720,1250
102214221,Barcelona,HR,977036215,1572.402,5252.099999999999,29,179.5275,4,2.0,0.6041666666666666,290,720,1010
102227475,Madrid,HR,400328751,2762.4,2058.96,16,118.48,0,2.0,0.0,160,0,160
102244275,Almeria,AR,902429632,11833.835,6789.68,46,121.905,0,4.0,0.0,460,0,460
102248745,Almeria,AR,902429632,780.0,229.15,1,229.15,1,1.0,0.08333333333333333,10,180,190
102252944,Cádiz,HR,483340469,2057.22,1912.9,24,80.825,0,4.0,0.0,240,0,240
102254378,Barcelona,HR,659380736,168.0,234.59,5,50.325,0,1.0,0.0,50,0,50
102254473,Madrid,HR,400328751,2921.08,8788.7,51,168.61,4,4.5,1.0625,510,720,1230
102269743,Murcia,AR,733727842,185.196,200.81,2,100.405,2,1.0,0.08333333333333333,20,360,380
102278748,Barcelona,HR,317564580,170.767,952.4200000000001,16,53.712500000000006,1,3.0,1.3333333333333333,160,180,340
102315959,Barcelona,HR,73572425,1271.0,6102.47,48,129.98,1,4.0,4.0,480,180,660
102336095,Sevilla,HR,491961306,35.368,143.19,1,143.19,2,1.0,0.041666666666666664,10,360,370
102356358,Barcelona,HR,101664247,433.96000000000004,524.98,9,46.545,2,3.0,0.375,90,360,450
102393086,Almeria,HR,525968071,2934.48,1643.3400000000001,12,132.225,0,1.0,0.0,120,0,120
102452324,Barcelona,HR,651739976,1733.0,619.26,6,104.455,0,1.0,0.0,60,0,60
102472320,Alicante,AR,729030652,1793.46,778.84,7,115.92,1,1.0,0.5833333333333334,70,180,250
102473072,Madrid,AR,600887009,105.982,256.41,3,85.11250000000001,1,1.5,0.25,30,180,210
102512606,Cádiz,HR,483340469,503.36,3598.32,38,100.93,1,4.0,3.1666666666666665,380,180,560
102539399,Barcelona,HR,651739976,359.25,265.78,5,49.525,2,1.0,0.20833333333333334,50,360,410
102561197,Alicante,HR,39304770,26061.286,29174.11,62,329.8225,4,5.0,1.2916666666666667,620,720,1340
102590938,Granada,AR,388409380,18.0,78.41,1,78.41,1,1.0,0.08333333333333333,10,180,190
102600735,Santander,HR,627758323,1265.7759999999998,2802.25,33,61.45,1,4.0,2.75,330,180,510
102604440,Sevilla,HR,739051795,839.23,1451.98,41,29.392500000000002,4,4.0,0.8541666666666666,410,720,1130
102636210,Valencia,AR,376164172,800.323,841.13,12,60.175000000000004,0,1.5,0.0,120,0,120
102659286,Girona,HR,982751127,166.32,439.53,4,111.27,0,1.0,0.0,40,0,40
102672550,Barcelona,HR,317564580,7052.347,19357.13,50,434.405,4,5.0,1.0416666666666667,500,720,1220
102682440,Madrid,HR,118442112,314.0,1779.8500000000001,24,67.09,1,2.0,2.0,240,180,420
102686185,Madrid,HR,526597557,1020.0,1511.96,22,67.57,4,2.0,0.4583333333333333,220,720,940
102711725,Barcelona,HR,101664247,829.76,1718.98,16,108.4425,1,2.0,1.3333333333333333,160,180,340
102714794,Asturias,HR,766194280,12972.96,38386.6,16,2326.46,0,1.0,0.0,160,0,160
102771645,Madrid,HR,940421758,1410.0,2254.8199999999997,24,82.995,1,3.0,2.0,240,180,420
102794242,Asturias,HR,953968677,56.34,0.0,1,0.0,0,1.0,0.0,10,0,10
102807891,Madrid,AR,717625137,909.0,658.56,6,115.65,2,1.5,0.25,60,360,420
102810304,Alicante,AR,91937945,10063.58,5178.95,22,183.62,4,2.0,0.4583333333333333,220,720,940
102822839,Madrid,AR,358006057,1068.0,552.94,4,112.25,1,1.0,0.3333333333333333,40,180,220
102842596,Alicante,HR,551409294,1166.205,2374.28,5,447.62,4,5.0,0.10416666666666667,50,720,770
102843667,Pamplona,HR,674788251,432.0,640.64,9,62.67,1,1.0,0.75,90,180,270
102848813,Granada,AR,388409380,5298.0,1821.63,26,68.49000000000001,4,2.0,0.5416666666666666,260,720,980
102849425,Madrid,HR,244328661,9950.73,13816.92,56,221.975,0,5.0,0.0,560,0,560
102938909,Barcelona,AR,701824108,1170.88,671.9100000000001,14,46.42,1,1.0,1.1666666666666667,140,180,320
102990508,Madrid,HR,940421758,1638.686,4327.73,31,127.20750000000001,4,3.0,0.6458333333333334,310,720,1030
103024993,Córdoba,HR,606571522,7092.24,8769.53,56,150.0425,2,5.0,2.3333333333333335,560,360,920
103062419,Almeria,AR,902429632,588.24,856.49,15,52.54,0,1.0,0.0,150,0,150
103066309,Valladolid,HR,256358709,892.37,1111.22,22,51.05,2,2.0,0.9166666666666666,220,360,580
103069326,Granada,AR,64275733,585.764,955.15,18,51.5,1,1.0,1.5,180,180,360
103090348,Barcelona,HR,613423212,1236.0,1389.98,17,81.12,0,1.0,0.0,170,0,170
103102875,Almeria,HR,479650067,195.25,256.5,5,50.05,0,1.0,0.0,50,0,50
103121379,Madrid,AR,677360818,3961.6,2677.69,27,103.285,2,2.0,1.125,270,360,630
103138671,Madrid,HR,901005554,786.2,811.97,4,104.46000000000001,0,1.0,0.0,40,0,40
103153673,Pamplona,HR,492242510,104.372,1603.67,18,76.97749999999999,1,2.0,1.5,180,180,360
103162415,Asturias,HR,953968677,165.9,545.1,10,55.2,0,1.0,0.0,100,0,100
103211720,Madrid,AR,646321640,2029.626,2806.21,29,95.96000000000001,2,2.5,1.2083333333333333,290,360,650
103253102,Madrid,AR,67471079,433.364,648.19,9,58.04,2,1.0,0.375,90,360,450
103254639,Sevilla,HR,177010064,43.68,76.8,3,26.67,1,1.5,0.25,30,180,210
103278879,Valencia,AR,988985367,5314.084,1612.3,8,222.64,0,1.0,0.0,80,0,80
103278920,Barcelona,AR,187031601,7825.057,5243.87,25,173.6875,1,4.0,2.0833333333333335,250,180,430
103313282,Barcelona,HR,73572425,3536.4,3468.84,51,62.07,1,4.0,4.25,510,180,690
103319062,Tarragona,AR,482974154,3045.0,1101.38,20,55.41,1,1.5,1.6666666666666667,200,180,380
103328141,Barcelona,AR,908993212,35972.06,13449.310000000001,11,784.76,4,2.0,0.22916666666666666,110,720,830
103355479,Madrid,HR,268093511,886.799,2576.19,27,99.3725,2,2.0,1.125,270,360,630
103382845,Murcia,HR,205150913,252.0,87.58,1,87.58,0,1.0,0.0,10,0,10
103522330,Madrid,HR,978663742,66.28,424.33000000000004,5,92.14,1,1.0,0.4166666666666667,50,180,230
103552837,Santander,HR,231183841,14.1,84.5,1,84.5,1,1.0,0.08333333333333333,10,180,190
103604426,Castellón,AR,988985367,12535.9,4298.84,40,41.5625,0,3.5,0.0,400,0,400
103623999,Madrid,HR,400328751,1605.0,1636.76,15,105.805,2,4.0,0.625,150,360,510
103632217,Madrid,AR,646321640,517.8,693.34,6,134.29000000000002,2,1.0,0.25,60,360,420
103639978,Pamplona,HR,229902947,614.18,7143.03,51,136.85,4,4.0,1.0625,510,720,1230
103651256,Asturias,HR,953968677,10459.14,27489.77,39,607.32,4,4.0,0.8125,390,720,1110
103655729,Santander,HR,870851098,6434.25,15187.14,32,462.235,1,4.0,2.6666666666666665,320,180,500
103657253,Barcelona,AR,183295696,3375.549,2064.34,14,145.95,2,2.0,0.5833333333333334,140,360,500
103661875,Cádiz,AR,385444276,3668.7599999999998,2377.7,26,89.1325,1,2.0,2.1666666666666665,260,180,440
103672422,Madrid,HR,145542062,438.13,1001.79,15,56.13,0,2.0,0.0,150,0,150
103707324,Sevilla,AR,869509590,456.1,695.04,15,48.135,2,1.5,0.625,150,360,510
103746649,Sevilla,AR,177010064,3452.9139999999998,3303.6,47,62.93,2,4.0,1.9583333333333333,470,360,830
103773753,Pamplona,HR,229902947,75.31,879.23,11,73.11,0,2.0,0.0,110,0,110
103810361,Barcelona,HR,950885533,354.0,644.45,9,74.67500000000001,0,1.0,0.0,90,0,90
103818662,Barcelona,AR,912914265,307.26,318.6,6,55.605000000000004,1,1.0,0.5,60,180,240
103836613,Tarragona,AR,513990441,4326.732,3364.88,24,125.9925,2,2.0,1.0,240,360,600
103843572,Madrid,AR,264540799,262.872,592.9,6,109.68,2,1.0,0.25,60,360,420
103849124,Madrid,HR,941958057,51.2,367.33,1,367.33,0,1.0,0.0,10,0,10
103905577,Madrid,HR,268093511,227.688,553.78,7,66.685,4,2.0,0.14583333333333334,70,720,790
103915725,Barcelona,HR,977036215,411.0,736.02,8,91.95,0,1.0,0.0,80,0,80
103924594,Madrid,AR,677360818,4353.734,3590.16,16,247.17,2,2.0,0.6666666666666666,160,360,520
103977811,Barcelona,HR,455263770,14.350000000000001,318.07,7,45.87,0,1.0,0.0,70,0,70
103977883,Islas Baleares,HR,465693592,2739.0,2514.82,39,55.0,1,3.5,3.25,390,180,570
103988165,Madrid,HR,627902053,4464.64,6099.91,40,135.45000000000002,4,4.0,0.8333333333333334,400,720,1120
104034614,Barcelona,HR,101664247,2779.28,1529.1399999999999,33,51.09,1,3.0,2.75,330,180,510
104050756,Alicante,HR,729030652,231.0,133.0,1,133.0,0,1.0,0.0,10,0,10
104067795,Malaga,AR,385906115,4428.6900000000005,1470.97,11,97.835,1,1.5,0.9166666666666666,110,180,290
104069939,Burgos,HR,997122305,966.0,975.8499999999999,12,54.0,0,4.0,0.0,120,0,120
104111664,Barcelona,AR,313095800,1572.792,1666.44,12,127.07499999999999,0,4.0,0.0,120,0,120
104122764,Córdoba,AR,606571522,634.5,301.49,7,50.94,0,1.0,0.0,70,0,70
104125427,Granada,HR,64275733,1103.82,2030.23,22,80.315,1,2.0,1.8333333333333333,220,180,400
104188843,Tarragona,AR,513990441,3024.0,910.0999999999999,4,230.265,0,1.0,0.0,40,0,40
104194666,Bilbao,HR,61699796,2076.0,2265.29,26,77.76,1,2.0,2.1666666666666665,260,180,440
104221470,Barcelona,AR,9820087,69985.3,36116.52,53,708.5575,4,4.5,1.1041666666666667,530,720,1250
104224578,Burgos,HR,16717207,2101.8,974.76,12,87.69,0,1.0,0.0,120,0,120
104239108,Barcelona,HR,950885533,1988.71,3720.41,46,74.97,2,4.0,1.9166666666666667,460,360,820
104266576,Madrid,AR,646321640,819.924,456.66,6,71.055,1,1.0,0.5,60,180,240
104309607,Santander,HR,74716188,4959.73,6530.4,33,192.6975,4,4.0,0.6875,330,720,1050
104333345,Madrid,HR,941958057,2268.0,2208.16,24,93.44,2,2.0,1.0,240,360,600
104337122,Barcelona,HR,430715898,2988.4700000000003,3397.26,55,52.442499999999995,4,5.0,1.1458333333333333,550,720,1270
104343720,Madrid,AR,275609911,1563.12,1400.35,25,55.13,2,2.0,1.0416666666666667,250,360,610
104367164,Islas Baleares,HR,159743173,1769.22,5967.59,21,230.3875,1,3.0,1.75,210,180,390
104386909,Malaga,HR,627274984,2600.34,2830.08,49,59.0,1,4.0,4.083333333333333,490,180,670
104410814,Pamplona,HR,635704728,2913.75,2103.48,26,75.9,2,2.0,1.0833333333333333,260,360,620
104448178,Madrid,HR,621775730,5480.054,11749.43,58,192.07750000000001,4,5.0,1.2083333333333333,580,720,1300
104470500,Madrid,AR,215700341,1155.7,1308.24,23,56.685,4,2.0,0.4791666666666667,230,720,950
104474944,Córdoba,HR,598203905,1952.9,2490.71,45,44.535,4,4.0,0.9375,450,720,1170
104494998,Madrid,HR,921176762,2619.96,4629.74,33,146.32,4,4.0,0.6875,330,720,1050
104525787,Barcelona,AR,912914265,3483.0,1452.0,6,217.805,2,1.0,0.25,60,360,420
104615175,Valencia,HR,249555220,198.0,286.15,3,114.46,4,3.0,0.0625,30,720,750
104624404,Santander,HR,554705087,644.84,897.03,12,60.970000000000006,0,2.0,0.0,120,0,120
104635321,Asturias,HR,687232282,694.051,2666.5,30,89.72999999999999,1,4.0,2.5,300,180,480
104638187,Madrid,HR,921176762,866.55,794.08,4,235.365,4,2.0,0.08333333333333333,40,720,760
104666164,Valladolid,AR,447488148,9273.758,8901.3,42,204.14,4,4.0,0.875,420,720,1140
104676553,Valladolid,HR,447488148,678.16,877.07,13,59.615,4,2.0,0.2708333333333333,130,720,850
104686137,Alicante,HR,551409294,5976.76,7671.969999999999,62,129.005,4,5.0,1.2916666666666667,620,720,1340
104710374,Madrid,AR,717625137,2181.73,1443.23,16,74.845,2,1.0,0.6666666666666666,160,360,520
104720817,Madrid,AR,264540799,2389.13,2113.34,36,54.4225,0,3.0,0.0,360,0,360
104734141,Murcia,HR,733727842,2634.2999999999997,2176.42,36,59.14,4,4.0,0.75,360,720,1080
104785768,Madrid,AR,677360818,2977.226,1952.73,20,89.56,2,2.0,0.8333333333333334,200,360,560
104798243,Bilbao,HR,653277032,33.954,712.72,11,64.02,1,4.0,0.9166666666666666,110,180,290
104830599,Barcelona,HR,480416490,18.4,71.63,2,35.815,0,1.0,0.0,20,0,20
104842387,Sevilla,HR,177010064,3036.0,2204.3599999999997,36,52.96,4,3.0,0.75,360,720,1080
104860782,Madrid,AR,677360818,4737.907999999999,3154.35,31,83.185,2,3.0,1.2916666666666667,310,360,670
104877968,Almeria,AR,902429632,1476.92,1490.92,18,84.075,2,1.0,0.75,180,360,540
104879375,Madrid,HR,275421941,1211.88,1461.47,14,85.605,4,1.0,0.2916666666666667,140,720,860
104885016,Valencia,AR,376164172,909.0,277.53999999999996,3,113.27,0,1.0,0.0,30,0,30
104954211,Madrid,HR,268093511,1023.0,4600.36,49,89.37,2,4.0,2.0416666666666665,490,360,850
104972031,Barcelona,HR,317564580,590.919,1730.0100000000002,23,61.355000000000004,4,2.0,0.4791666666666667,230,720,950
105005839,Madrid,HR,972073619,1949.1,2556.48,28,87.05,0,3.0,0.0,280,0,280
105055021,Barcelona,HR,317564580,90.0,95.08000000000001,4,25.020000000000003,1,2.0,0.3333333333333333,40,180,220
105089780,Almeria,HR,937805441,5859.0,2814.37,44,62.11,4,4.0,0.9166666666666666,440,720,1160
105090813,Sevilla,HR,900282314,3286.4300000000003,4338.92,67,51.7025,4,6.0,1.3958333333333333,670,720,1390
105098880,Madrid,HR,569368827,5257.68,11806.79,50,234.16,1,4.0,4.166666666666667,500,180,680
105102997,Burgos,HR,466760699,3708.4300000000003,4582.11,47,94.0625,1,4.0,3.9166666666666665,470,180,650
105109840,Islas Baleares,HR,242339558,500.4,527.13,8,62.0,2,3.0,0.3333333333333333,80,360,440
105138305,Madrid,HR,569368827,1034.756,2568.05,23,109.08,2,3.0,0.9583333333333334,230,360,590
105182523,Santander,HR,627758323,2245.54,1654.1499999999999,25,65.92,1,2.0,2.0833333333333335,250,180,430
105187978,Madrid,HR,244328661,4460.72,7792.72,104,72.96000000000001,8,9.0,1.0833333333333333,1040,1440,2480
105194114,Tarragona,HR,482974154,7565.7,20410.96,54,382.16,1,4.5,4.5,540,180,720
105201092,Valencia,AR,937854151,3754.0119999999997,2608.26,23,108.815,1,2.0,1.9166666666666667,230,180,410
105243170,Pamplona,HR,635704728,78.94,146.73,2,51.582499999999996,1,1.0,0.16666666666666666,20,180,200
105260834,Tarragona,AR,482974154,711.71,965.77,4,241.4425,0,2.0,0.0,40,0,40
105262046,Murcia,HR,733727842,9637.628,9276.43,50,159.6,4,4.0,1.0416666666666667,500,720,1220
105269276,Barcelona,AR,638196450,626.96,483.25,7,61.792500000000004,0,3.5,0.0,70,0,70
105340312,Valencia,HR,988985367,153.69,541.28,11,54.14,2,1.0,0.4583333333333333,110,360,470
105377291,Bilbao,HR,173458097,663.28,1288.46,18,79.33,0,2.0,0.0,180,0,180
105398038,Valencia,HR,998162842,753.0,749.08,12,61.4,0,1.0,0.0,120,0,120
105409514,Madrid,HR,941958057,5109.53,11783.64,102,115.765,4,8.0,2.125,1020,720,1740
105433146,Barcelona,HR,900389803,18178.26,18092.19,53,348.8175,2,4.0,2.2083333333333335,530,360,890
105450568,Madrid,HR,64444732,4445.58,5586.42,53,66.4975,0,4.0,0.0,530,0,530
105469434,Malaga,HR,137842064,468.84,375.34,8,47.78,1,1.0,0.6666666666666666,80,180,260
105472551,Santander,HR,870851098,2898.0,5328.14,39,132.4175,1,3.0,3.25,390,180,570
105532218,Madrid,AR,358006057,388.61,396.82000000000005,5,80.81,2,2.0,0.20833333333333334,50,360,410
105538151,Madrid,HR,991770420,126.72,437.12,8,54.64,1,1.0,0.6666666666666666,80,180,260
105568281,Barcelona,AR,833922597,23161.442,8770.44,41,211.91000000000003,2,4.0,1.7083333333333333,410,360,770
105577954,Valencia,HR,937854151,431.25,1619.15,19,57.445,0,2.0,0.0,190,0,190
105638658,Madrid,HR,569368827,947.806,3480.63,26,137.8,4,4.0,0.5416666666666666,260,720,980
105648786,Madrid,HR,827413577,2009.0,2839.98,32,85.1075,1,3.0,2.6666666666666665,320,180,500
105679894,Valencia,HR,460456701,841.888,3317.92,37,92.1675,4,3.5,0.7708333333333334,370,720,1090
105682132,Barcelona,AR,187031601,744.0799999999999,421.15,5,64.01,4,5.0,0.10416666666666667,50,720,770
105698193,Valencia,HR,376164172,2755.102,4116.22,48,78.6,4,4.0,1.0,480,720,1200
105724178,Madrid,HR,987512243,2047.626,2487.17,33,64.03,1,3.0,2.75,330,180,510
105729151,Madrid,HR,569368827,11.125,323.46999999999997,12,25.582500000000003,4,1.0,0.25,120,720,840
105773642,Girona,HR,916155200,3464.9,4412.98,31,134.79250000000002,2,2.0,1.2916666666666667,310,360,670
105779782,Asturias,HR,953968677,96.0,102.4,2,51.2,4,1.0,0.041666666666666664,20,720,740
105835440,Valencia,HR,249555220,7352.16,4230.78,53,77.1275,4,4.0,1.1041666666666667,530,720,1250
105864233,Tarragona,HR,664403753,492.0,1672.1100000000001,20,62.94499999999999,0,2.0,0.0,200,0,200
105898146,Pamplona,HR,674788251,1753.5,3110.25,30,104.77000000000001,2,2.5,1.25,300,360,660
105909641,Castellón,AR,988985367,4523.084,3682.63,44,67.475,1,4.0,3.6666666666666665,440,180,620
105963049,Barcelona,AR,996963848,3197.0,1979.24,30,64.69,2,2.5,1.25,300,360,660
105989674,Alicante,HR,91937945,417.0,1518.3000000000002,23,65.175,0,4.0,0.0,230,0,230
106053179,Madrid,HR,627902053,9940.6,24211.78,50,505.76,4,4.0,1.0416666666666667,500,720,1220
106067265,Madrid,HR,991770420,713.82,2652.5,38,66.33,2,4.0,1.5833333333333333,380,360,740
106082650,Madrid,HR,400328751,398.9,743.53,8,88.52,4,2.0,0.16666666666666666,80,720,800
106088728,Sevilla,HR,491961306,532.49,1318.15,30,36.614999999999995,2,2.0,1.25,300,360,660
106100819,Almeria,HR,525968071,354.4,744.95,7,86.37,1,3.5,0.5833333333333334,70,180,250
106110266,Madrid,HR,118557953,1068.052,1378.6499999999999,20,62.67,4,3.0,0.4166666666666667,200,720,920
106144612,Valencia,AR,460456701,1304.5140000000001,560.42,7,64.98,0,1.0,0.0,70,0,70
106146642,Barcelona,AR,912914265,769.38,455.28999999999996,5,76.975,2,2.0,0.20833333333333334,50,360,410
106152111,Islas Baleares,HR,242339558,1130.4,2236.32,18,126.05250000000001,1,2.0,1.5,180,180,360
106171654,Valencia,AR,998162842,12478.944,5040.6900000000005,15,338.115,0,1.0,0.0,150,0,150
106171660,Islas Baleares,HR,221686221,2268.0,743.91,3,247.97,1,1.0,0.25,30,180,210
106215200,Valencia,HR,998162842,1787.66,3814.38,40,86.43249999999999,4,3.0,0.8333333333333334,400,720,1120
106218681,Sevilla,HR,6055803,7.92,26.15,1,26.15,1,1.0,0.08333333333333333,10,180,190
106252162,Barcelona,AR,187031601,7479.545,4200.74,48,78.17,2,5.0,2.0,480,360,840
106260306,Madrid,HR,941958057,256.83,1785.53,25,71.745,2,2.0,1.0416666666666667,250,360,610
106265900,Barcelona,HR,317564580,3420.846,9863.93,52,197.235,4,4.0,1.0833333333333333,520,720,1240
106266819,Barcelona,AR,313095800,4893.97,1919.4,13,109.845,0,1.0,0.0,130,0,130
106278907,Cádiz,HR,354010580,1693.85,6264.2300000000005,24,285.625,2,2.0,1.0,240,360,600
106289081,Bilbao,AR,590164229,3436.568,4987.89,15,297.745,2,1.0,0.625,150,360,510
106304696,Valencia,AR,937854151,500.55,167.3,2,83.65,0,1.0,0.0,20,0,20
106328519,Malaga,HR,247664960,2410.0,9187.99,40,170.0475,0,3.0,0.0,400,0,400
106347797,Barcelona,HR,317564580,186.9,1073.79,22,44.6275,4,2.0,0.4583333333333333,220,720,940
106398741,Pamplona,HR,229902947,3135.192,11415.4,48,232.305,2,4.0,2.0,480,360,840
106436159,Islas Baleares,HR,242339558,2547.969,6661.98,36,176.82,2,4.0,1.5,360,360,720
106452935,Madrid,HR,526163151,4999.5740000000005,8333.79,54,144.68,2,5.0,2.25,540,360,900
106483903,Valladolid,HR,447488148,3086.2200000000003,2975.58,52,56.510000000000005,0,4.0,0.0,520,0,520
106494411,Madrid,AR,215700341,3502.5460000000003,2177.1,20,96.13999999999999,2,2.0,0.8333333333333334,200,360,560
106508492,Malaga,AR,247664960,31449.04,9525.25,36,254.76,0,3.0,0.0,360,0,360
106509669,Islas Baleares,HR,159743173,541.59,841.4799999999999,10,65.50999999999999,0,1.0,0.0,100,0,100
106527996,Madrid,AR,215700341,453.73,435.99,6,69.695,2,1.0,0.25,60,360,420
106534557,Madrid,HR,627902053,4721.0,9624.17,53,183.54,4,4.0,1.1041666666666667,530,720,1250
106571672,Barcelona,AR,496352806,20190.52,11783.03,49,214.29500000000002,4,4.0,1.0208333333333333,490,720,1210
106575677,Madrid,AR,264540799,1639.353,2576.46,24,103.7275,2,2.0,1.0,240,360,600
106588222,Santander,HR,870851098,1041.259,4612.2,50,88.5175,4,4.0,1.0416666666666667,500,720,1220
106599655,Barcelona,AR,833922597,14718.3,5582.29,41,75.7875,1,3.5,3.4166666666666665,410,180,590
106702611,Madrid,HR,64444732,2820.0,3706.95,99,44.2475,8,8.0,1.03125,990,1440,2430
106725554,Madrid,AR,600887009,8064.496,8267.99,53,149.64249999999998,4,4.5,1.1041666666666667,530,720,1250
106734669,Barcelona,HR,317564580,780.0,842.4,13,64.8,2,1.0,0.5416666666666666,130,360,490
106743551,Barcelona,AR,417891187,22407.255,12031.61,45,244.21,2,4.0,1.875,450,360,810
106746263,Madrid,HR,526597557,179.19,189.91,3,60.2325,4,1.5,0.0625,30,720,750
106778704,Malaga,AR,137842064,5855.4439999999995,3018.25,41,74.27250000000001,1,3.0,3.4166666666666665,410,180,590
106839983,Malaga,HR,59055754,187.0,223.93,4,58.93,4,1.0,0.08333333333333333,40,720,760
106847917,Sevilla,HR,900282314,2071.68,2656.86,36,73.89,4,3.0,0.75,360,720,1080
106847947,Valladolid,AR,256358709,2378.88,1789.01,47,36.875,1,4.0,3.9166666666666665,470,180,650
106872918,Sevilla,HR,177010064,5820.4,7634.1,50,139.0575,4,4.0,1.0416666666666667,500,720,1220
106902928,Barcelona,AR,496352806,53592.939999999995,40393.67,55,785.8,4,8.0,1.1458333333333333,550,720,1270
106916720,Madrid,AR,264540799,4300.642,4955.530000000001,34,134.35500000000002,2,3.0,1.4166666666666667,340,360,700
106924243,Pamplona,AR,635704728,520.18,515.21,8,58.22,1,1.0,0.6666666666666666,80,180,260
106939771,Madrid,AR,264540799,2879.932,2817.9900000000002,15,151.465,1,1.0,1.25,150,180,330
106955087,Madrid,AR,677360818,3164.82,2618.74,19,128.56,2,2.0,0.7916666666666666,190,360,550
106984224,Madrid,AR,646321640,74880.148,56525.07,91,596.9224999999999,4,7.0,1.8958333333333333,910,720,1630
106995357,Valladolid,HR,256358709,845.6,968.4399999999999,15,75.6,2,1.5,0.625,150,360,510
107021130,Barcelona,HR,900389803,2721.234,3789.24,42,82.0275,4,4.0,0.875,420,720,1140
107094084,Malaga,HR,137842064,321.59999999999997,1318.31,7,104.16,1,3.0,0.5833333333333334,70,180,250
107105273,Madrid,AR,677360818,2617.078,2843.6800000000003,25,106.5175,2,2.0,1.0416666666666667,250,360,610
107141370,Malaga,HR,627274984,1092.0,1252.06,19,69.45,1,2.0,1.5833333333333333,190,180,370
107161224,Madrid,HR,526597557,649.3,802.1500000000001,20,30.28,0,4.0,0.0,200,0,200
107175657,Alicante,AR,39304770,8745.232,5989.99,36,157.79500000000002,4,3.0,0.75,360,720,1080
107197899,Castellón,HR,224182342,576.0,637.73,9,69.81,1,1.0,0.75,90,180,270
107209491,Madrid,HR,621775730,941.552,2089.67,28,75.36500000000001,4,2.0,0.5833333333333334,280,720,1000
107224090,Almeria,HR,937805441,201.6,313.52,6,0.0,0,1.0,0.0,60,0,60
107226416,Córdoba,HR,606571522,98.9,166.12,2,83.06,3,2.0,0.05555555555555555,20,540,560
107242737,Valencia,HR,327176535,60.0,94.0,1,94.0,0,1.0,0.0,10,0,10
107245211,Madrid,HR,941958057,1130.4,1582.17,15,82.8,1,1.0,1.25,150,180,330
107283098,Alicante,HR,91937945,3376.0,3862.5199999999995,47,79.63,2,4.0,1.9583333333333333,470,360,830
107288295,Barcelona,AR,313095800,1000.47,761.3,10,73.81,2,1.0,0.4166666666666667,100,360,460
107352044,Valencia,AR,998162842,3915.504,7292.51,30,235.49,2,2.0,1.25,300,360,660
107374081,Sevilla,AR,900282314,1533.0819999999999,2889.18,28,96.88499999999999,2,2.0,1.1666666666666667,280,360,640
107449184,Asturias,HR,510982509,2244.0,2378.64,36,63.6,0,4.0,0.0,360,0,360
107464067,Pamplona,HR,492242510,166.904,865.03,15,58.125,1,4.0,1.25,150,180,330
107468937,Islas Baleares,AR,469564819,3619.246,1389.13,13,95.5825,2,2.0,0.5416666666666666,130,360,490
107480569,Almeria,AR,902429632,36.94,52.23,1,52.23,0,1.0,0.0,10,0,10
107484815,Barcelona,AR,963334454,1806.0,589.0500000000001,9,61.865,0,1.0,0.0,90,0,90
107487400,Burgos,HR,16717207,2532.29,3797.74,38,80.1575,4,3.0,0.7916666666666666,380,720,1100
107496020,Madrid,HR,382091435,480.0,702.4300000000001,11,63.43,1,1.0,0.9166666666666666,110,180,290
107503972,Murcia,AR,385265118,13282.848,6483.72,51,117.08000000000001,1,4.0,4.25,510,180,690
107520156,Bilbao,AR,61699796,2119.605,3512.44,40,73.8875,1,3.5,3.3333333333333335,400,180,580
107521580,Barcelona,HR,767988162,2040.96,9337.65,70,115.28,4,6.0,1.4583333333333333,700,720,1420
107528132,Asturias,HR,687232282,818.1800000000001,802.88,14,58.0,4,3.0,0.2916666666666667,140,720,860
107550851,Barcelona,AR,9820087,7929.185,3410.47,15,205.12,2,1.0,0.625,150,360,510
107557980,Barcelona,AR,370050701,218.0,91.14,1,91.14,2,1.0,0.041666666666666664,10,360,370
107566097,Madrid,HR,244328661,7951.16,11571.86,167,64.42,8,14.0,1.7395833333333333,1670,1440,3110
107574247,Valencia,HR,376164172,13952.04,5210.68,66,84.67,12,5.5,0.4583333333333333,660,2160,2820
107583088,Barcelona,HR,651739976,3497.0,3759.06,49,73.94500000000001,4,4.0,1.0208333333333333,490,720,1210
107593631,Valencia,AR,249555220,20591.64,7295.58,51,133.2,2,4.0,2.125,510,360,870
107596749,Barcelona,AR,963334454,3166.48,2365.37,35,60.7975,2,3.0,1.4583333333333333,350,360,710
107605983,Barcelona,AR,833922597,11055.42,4627.6,30,150.12,1,3.0,2.5,300,180,480
107611681,Murcia,AR,385265118,5665.294,3146.7400000000002,42,69.91499999999999,1,3.5,3.5,420,180,600
107633844,Girona,HR,916155200,515.88,1404.8000000000002,30,43.32,0,3.0,0.0,300,0,300
107650629,Valencia,HR,327176535,32.52,106.08,1,106.08,0,1.0,0.0,10,0,10
107666643,Castellón,HR,224182342,96.60400000000001,889.0999999999999,15,49.58,0,3.0,0.0,150,0,150
107684571,Cádiz,HR,385444276,289.01,501.63,10,47.68,0,1.0,0.0,100,0,100
107712169,Barcelona,AR,833922597,28194.870000000003,13140.07,55,228.13,4,5.0,1.1458333333333333,550,720,1270
107720104,Malaga,AR,627274984,1437.0,749.27,14,51.0025,0,1.0,0.0,140,0,140
107731068,Alicante,AR,91937945,438.0,139.8,1,139.8,0,1.0,0.0,10,0,10
107759192,Madrid,HR,382091435,346.5,274.05,2,137.025,1,1.0,0.16666666666666666,20,180,200
107787082,Alicante,HR,91937945,692.7,763.21,13,51.68,2,2.0,0.5416666666666666,130,360,490
107802617,Barcelona,AR,908993212,9620.135,4938.8,44,105.32,2,4.0,1.8333333333333333,440,360,800
107803622,Madrid,AR,677360818,3697.574,2631.12,34,67.3575,1,2.5,2.8333333333333335,340,180,520
107821340,Valencia,AR,52875287,89259.28,27448.0,42,681.91,1,3.5,3.5,420,180,600
107836262,Madrid,AR,358006057,1052.72,876.0,13,64.505,2,2.0,0.5416666666666666,130,360,490
107858817,Madrid,HR,991770420,603.775,2452.44,44,55.28,4,4.0,0.9166666666666666,440,720,1160
107871119,Madrid,HR,244328661,115.5,99.05,1,99.05,1,1.0,0.08333333333333333,10,180,190
107888247,Barcelona,HR,101664247,570.15,817.63,19,40.985,0,2.0,0.0,190,0,190
107904697,Santander,HR,870851098,4268.0,23870.54,59,420.89500000000004,2,4.5,2.4583333333333335,590,360,950
107914316,Barcelona,AR,912914265,25715.292,11820.67,47,206.5875,2,4.0,1.9583333333333333,470,360,830
107943833,Almeria,AR,937805441,970.24,1367.11,20,71.215,2,1.5,0.8333333333333334,200,360,560
107968969,Madrid,HR,972073619,16.04,92.63,1,92.63,0,1.0,0.0,10,0,10
107988065,Almeria,AR,937805441,1704.0,690.94,13,51.91,0,1.0,0.0,130,0,130
107996658,Pamplona,HR,229902947,39.09,711.9300000000001,4,179.28,0,1.0,0.0,40,0,40
108006354,Alicante,HR,39304770,5937.8,5911.12,53,103.02000000000001,4,4.0,1.1041666666666667,530,720,1250
108016118,Barcelona,AR,368568690,12934.92,9594.32,30,180.2975,4,2.0,0.625,300,720,1020
108034062,Girona,HR,916155200,79.2,148.35,1,148.35,0,1.0,0.0,10,0,10
108040783,Barcelona,HR,683267773,821.4,553.59,9,57.655,2,1.0,0.375,90,360,450
108061764,Islas Baleares,HR,465693592,15141.420000000002,7679.870000000001,23,280.6025,1,2.0,1.9166666666666667,230,180,410
108065637,Barcelona,AR,908993212,7244.66,3921.3199999999997,48,67.345,2,4.0,2.0,480,360,840
108087712,Barcelona,AR,701824108,15129.0,4687.3,20,239.4,4,2.0,0.4166666666666667,200,720,920
108104252,Barcelona,HR,454554895,1405.3,4615.15,28,155.85500000000002,1,2.0,2.3333333333333335,280,180,460
108153931,Valencia,AR,327176535,2153.3,1859.25,15,63.11,0,2.0,0.0,150,0,150
108165818,Barcelona,AR,9820087,118.56,153.34,1,153.34,2,1.0,0.041666666666666664,10,360,370
108171112,Barcelona,HR,613423212,2877.851,5216.42,29,180.17,0,3.0,0.0,290,0,290
108176751,Madrid,HR,978663742,601.47,467.6,11,46.7225,1,1.0,0.9166666666666666,110,180,290
108186074,Islas Baleares,HR,469564819,53.94,54.7,1,27.35,4,1.0,0.020833333333333332,10,720,730
108208658,Sevilla,HR,869509590,336.6,359.12,11,29.66,0,1.0,0.0,110,0,110
108228263,Malaga,AR,247664960,1325.955,633.8100000000001,5,149.65,0,2.0,0.0,50,0,50
108244945,Islas Baleares,HR,221686221,4956.62,3468.81,44,61.394999999999996,2,4.0,1.8333333333333333,440,360,800
108255035,Cádiz,AR,679784861,271.104,390.65,9,38.8,1,1.0,0.75,90,180,270
108269434,Pamplona,HR,492242510,7063.25,7371.11,47,151.815,2,4.0,1.9583333333333333,470,360,830
108293290,Valladolid,HR,256358709,4928.45,5781.93,53,106.7125,4,4.0,1.1041666666666667,530,720,1250
108317442,Barcelona,AR,417891187,20.38,51.8,1,51.8,2,1.0,0.041666666666666664,10,360,370
108335685,Burgos,HR,16717207,864.0,1036.8000000000002,12,86.4,1,1.0,1.0,120,180,300
108389970,Pamplona,HR,492242510,1910.23,7065.7,29,212.81,2,4.0,1.2083333333333333,290,360,650
108399822,Madrid,AR,358006057,31.932000000000002,205.03,5,40.58,2,1.0,0.20833333333333334,50,360,410
108412337,Madrid,HR,569368827,94.67999999999999,201.61,3,60.84,1,1.0,0.25,30,180,210
108432401,Madrid,AR,358006057,37.5,56.41,1,56.41,4,1.0,0.020833333333333332,10,720,730
108470306,Barcelona,AR,9820087,70108.188,50153.83,28,1328.1,1,3.0,2.3333333333333335,280,180,460
108481427,Cádiz,HR,679784861,14.8,43.86,1,43.86,2,1.0,0.041666666666666664,10,360,370
108539466,Girona,HR,916155200,1628.9389999999999,3659.0,38,80.66,2,3.0,1.5833333333333333,380,360,740
108545668,Santander,HR,74716188,7233.84,9804.58,12,742.56,0,1.0,0.0,120,0,120
108553674,Barcelona,HR,480416490,144.0,197.12,8,24.64,1,1.0,0.6666666666666666,80,180,260
108571095,Madrid,HR,621775730,372.0,464.75,11,29.98,1,4.0,0.9166666666666666,110,180,290
108574320,Malaga,HR,247664960,4989.0,4519.45,75,52.254999999999995,0,6.0,0.0,750,0,750
108601180,Madrid,AR,275609911,650.204,693.92,20,33.0175,2,2.0,0.8333333333333334,200,360,560
108605016,Barcelona,HR,767988162,831.0,2441.36,14,171.085,4,1.0,0.2916666666666667,140,720,860
108707664,Madrid,HR,972073619,604.1600000000001,948.29,9,96.72,1,1.0,0.75,90,180,270
108743444,Islas Baleares,HR,159743173,1177.968,1321.45,18,70.41499999999999,1,2.0,1.5,180,180,360
108760925,Barcelona,HR,900389803,1301.656,2423.35,33,58.61,1,3.0,2.75,330,180,510
108828464,Cádiz,HR,385444276,400.0,412.51,3,117.86,0,1.0,0.0,30,0,30
108842149,Valladolid,HR,256358709,1324.69,7189.23,23,344.49,2,2.0,0.9583333333333334,230,360,590
108845330,Pamplona,AR,635704728,1766.8799999999999,941.77,15,60.209999999999994,2,1.0,0.625,150,360,510
108862910,Barcelona,HR,683267773,82.1,290.84,1,290.84,1,1.0,0.08333333333333333,10,180,190
108886412,Asturias,AR,953968677,1609.496,2973.01,36,83.42,0,4.0,0.0,360,0,360
108953473,Murcia,HR,733727842,189.0,209.55,3,70.9175,0,1.5,0.0,30,0,30
108975717,Barcelona,HR,480416490,2334.25,2643.48,50,52.275000000000006,0,4.0,0.0,500,0,500
108988533,Madrid,HR,627902053,6280.326,6190.61,49,123.99000000000001,4,4.0,1.0208333333333333,490,720,1210
109059686,Madrid,AR,717625137,1162.5,710.3,9,70.47,2,1.0,0.375,90,360,450
109067556,Madrid,HR,559028793,164.17000000000002,951.46,11,79.695,4,1.0,0.22916666666666666,110,720,830
109090173,Madrid,HR,382091435,3511.07,2600.25,42,56.2,0,4.0,0.0,420,0,420
109091330,Valencia,HR,376164172,4588.045,5094.78,49,96.97749999999999,4,4.0,1.0208333333333333,490,720,1210
109125362,Sevilla,AR,900282314,13669.722,13685.86,48,191.92875,8,4.0,0.5,480,1440,1920
109141143,Tarragona,HR,664403753,3236.4,1712.57,16,101.31,1,1.5,1.3333333333333333,160,180,340
109161393,Madrid,HR,244328661,3641.96,5159.79,43,100.2475,4,4.0,0.8958333333333334,430,720,1150
109174886,Malaga,HR,627274984,2404.65,1765.96,45,36.347500000000004,0,4.0,0.0,450,0,450
109179791,Sevilla,AR,6055803,510.0,167.0,4,35.15,0,1.0,0.0,40,0,40
109242926,Alicante,HR,39304770,4208.5,2711.7,42,60.145,4,3.5,0.875,420,720,1140
109254404,Madrid,AR,717625137,2213.388,2900.8,19,161.5525,2,2.0,0.7916666666666666,190,360,550
109258917,Barcelona,AR,496352806,1824.0,591.38,3,208.2,0,1.5,0.0,30,0,30
109333652,Madrid,AR,993581538,580.912,537.69,9,55.79,1,1.0,0.75,90,180,270
109348754,Malaga,AR,424808266,14501.289999999999,8099.94,50,96.59666666666668,1,4.0,4.166666666666667,500,180,680
109390256,Santander,HR,74716188,6012.9400000000005,40016.76,33,1107.0,4,4.0,0.6875,330,720,1050
109404407,Barcelona,HR,572697400,7081.516,19452.87,84,194.88625,8,7.0,0.875,840,1440,2280
109433073,Tarragona,AR,664403753,2548.18,1385.77,15,86.05000000000001,2,1.0,0.625,150,360,510
109526082,Pamplona,HR,492242510,977.382,8752.57,43,185.58499999999998,2,4.0,1.7916666666666667,430,360,790
109613745,Barcelona,AR,963334454,942.0,294.15999999999997,5,57.36,1,1.0,0.4166666666666667,50,180,230
109634416,Barcelona,AR,963334454,10396.310000000001,4654.6,24,206.39749999999998,1,2.0,2.0,240,180,420
109635072,Islas Baleares,HR,221686221,833.8,2643.5,22,117.34,1,4.0,1.8333333333333333,220,180,400
109662329,Malaga,AR,424808266,1372.255,588.91,7,81.95,1,1.0,0.5833333333333334,70,180,250
109674545,Valencia,HR,249555220,1208.4,1501.54,13,117.84,2,1.0,0.5416666666666666,130,360,490
109678103,Valencia,AR,52875287,699.65,221.39,3,56.52,0,1.0,0.0,30,0,30
109681976,Madrid,HR,978663742,302.862,967.16,8,139.12,1,1.0,0.6666666666666666,80,180,260
109717344,Madrid,HR,145542062,45.0,64.51,1,64.51,0,1.0,0.0,10,0,10
109723249,Madrid,HR,991770420,14002.6,9765.92,80,121.2225,4,7.0,1.6666666666666667,800,720,1520
109731657,Valencia,HR,376164172,1301.366,2139.83,29,69.97,4,2.0,0.6041666666666666,290,720,1010
109734878,Barcelona,AR,496352806,331.57,409.71,2,204.855,0,1.0,0.0,20,0,20
109751439,Asturias,HR,687232282,1896.0,3969.5099999999998,23,161.525,1,2.0,1.9166666666666667,230,180,410
109764622,Madrid,HR,978663742,2312.568,4484.19,44,90.94,4,4.0,0.9166666666666666,440,720,1160
109779947,Islas Baleares,HR,159743173,3298.584,7860.37,50,150.27249999999998,1,4.0,4.166666666666667,500,180,680
109807836,Barcelona,AR,963334454,18566.0,5749.12,23,200.8,2,2.0,0.9583333333333334,230,360,590
109864808,Cádiz,HR,354010580,667.85,2267.25,25,80.67250000000001,1,2.0,2.0833333333333335,250,180,430
109888994,Valencia,AR,937854151,7215.88,2630.02,40,61.99,1,3.0,3.3333333333333335,400,180,580
109926233,Almeria,AR,937805441,1704.26,1395.82,23,59.927499999999995,1,2.0,1.9166666666666667,230,180,410
109961897,Barcelona,AR,313095800,5912.959,5603.27,40,123.905,2,3.5,1.6666666666666667,400,360,760
109981439,Sevilla,HR,739051795,621.52,1626.98,23,49.8625,2,3.0,0.9583333333333334,230,360,590
110001781,Asturias,HR,494807125,6354.0,7619.71,53,135.1775,4,4.0,1.1041666666666667,530,720,1250
110013018,Tarragona,AR,513990441,17051.38,8257.81,49,167.29000000000002,1,4.0,4.083333333333333,490,180,670
110029938,Valencia,HR,937854151,139.974,397.05,4,94.05,0,4.0,0.0,40,0,40
110037308,Santander,HR,74716188,29.16,72.93,1,72.93,1,1.0,0.08333333333333333,10,180,190
110040708,Madrid,AR,67471079,12213.394,12984.72,54,236.81,4,4.0,1.125,540,720,1260
110046377,Bilbao,HR,61699796,120.0,174.2,2,87.1,0,1.0,0.0,20,0,20
110047270,Barcelona,AR,454554895,31082.14,12662.529999999999,51,262.63,4,4.0,1.0625,510,720,1230
110086290,Alicante,HR,39304770,2367.294,1353.6399999999999,20,66.4475,0,2.0,0.0,200,0,200
110098513,Barcelona,HR,480416490,142.29399999999998,1273.52,15,82.705,1,1.0,1.25,150,180,330
110107170,Sevilla,HR,462513607,7981.269,27271.89,56,514.7975,4,4.0,1.1666666666666667,560,720,1280
110114057,Pamplona,HR,492242510,157.914,438.20000000000005,3,143.44,0,3.0,0.0,30,0,30
